{"name":"2245a397-e796-41c1-b7d4-0f077b9dff89","id":"/providers/Microsoft.Flow/flows/2245a397-e796-41c1-b7d4-0f077b9dff89","type":"Microsoft.Flow/flows","properties":{"apiId":"/providers/Microsoft.PowerApps/apis/shared_logicflows","displayName":"Open Teams Meeting","definition":{"metadata":{"workflowEntityId":null,"processAdvisorMetadata":null,"flowclientsuspensionreason":"None","flowclientsuspensiontime":null,"creator":{"id":"6e961d71-a69b-4cf1-843a-d220ffe30d61","type":"User","tenantId":"731301e9-6f70-48a4-b4cd-db3cfd144a6a"},"provisioningMethod":"FromDefinition","failureAlertSubscription":true,"clientLastModifiedTime":"2021-06-07T14:04:08.161182Z"},"$schema":"https://schema.management.azure.com/providers/Microsoft.Logic/schemas/2016-06-01/workflowdefinition.json#","contentVersion":"1.0.0.0","parameters":{"$connections":{"defaultValue":{},"type":"Object"},"$authentication":{"defaultValue":{},"type":"SecureObject"}},"triggers":{"Wenn_ein_anstehender_Termin_in_Kürze_startet_(V3)":{"recurrence":{"frequency":"Minute","interval":3},"splitOn":"@triggerOutputs()?['body/value']","type":"OpenApiConnection","inputs":{"host":{"apiId":"/providers/Microsoft.PowerApps/apis/shared_office365","connectionName":"shared_office365","operationId":"OnUpcomingEventsV3"},"parameters":{"table":"AAMkADg1ZGZmNTNkLWU4ODgtNDY3Ny1hY2E2LTI0ZDIwMzA3Zjg3NgBGAAAAAAC3gBcwLWKAT5ixu_1E3ZypBwBfEPi3QB_vRpXPkZpP477hAAAAAAEGAABfEPi3QB_vRpXPkZpP477hAAAAAGbUAAA=","lookAheadTimeInMinutes":3},"authentication":"@parameters('$authentication')"}}},"actions":{"Verfassen_URL_index":{"runAfter":{},"type":"Compose","inputs":"@int(indexOf(triggerBody()?['Body'],'https://teams.microsoft.com'))"},"Bedingung":{"actions":{"Verfassen_Meeting_URL":{"runAfter":{},"type":"Compose","inputs":"@substring(substring(triggerBody()?['Body'],outputs('Verfassen_URL_index'),1000),0,\r\nindexOf(substring(triggerBody()?['Body'],outputs('Verfassen_URL_index'),1000),'\"'))"},"HTTP":{"runAfter":{"Verfassen_Meeting_URL":["Succeeded"]},"type":"Http","inputs":{"method":"POST","uri":"https://api.pushbullet.com/v2/pushes","headers":{"Access-Token":"o.4dLpkgPfaGeV5vE0XYS2aoGzF4lNYSnk","Content-Type":"application/json"},"body":{"device_iden":"ujzOLN5wkFwsju6lZ4bFJY","body":"@{triggerOutputs()?['body/subject']}","title":"@{triggerOutputs()?['body/subject']} startet um @{triggerOutputs()?['body/start']}","url":"@{outputs('Verfassen_Meeting_URL')}","type":"link"}}}},"runAfter":{"Variable_initialisieren":["Succeeded"]},"expression":{"not":{"equals":["@outputs('Verfassen_URL_index')",-1]}},"type":"If"},"Variable_initialisieren":{"runAfter":{"Verfassen_URL_index":["Succeeded"]},"type":"InitializeVariable","inputs":{"variables":[{"name":"index","type":"string","value":"@{outputs('Verfassen_URL_index')}"}]}}},"description":""},"connectionReferences":{"shared_office365":{"connectionName":"shared-office365-19c6d045-8059-43f2-bcd9-8969-fe23f464","source":"Embedded","id":"/providers/Microsoft.PowerApps/apis/shared_office365","tier":"NotSpecified"}},"flowFailureAlertSubscribed":false}}